{
    "coef_0": -0.01711785912273591,
    "coef_1": -0.0002455098125568439,
    "coef_2": -0.0022078746339374436,
    "coef_3": 0.0007398881597990334,
    "coef_4": 0.00035886150652620957,
    "coef_5": 0.0006113428613216873,
    "coef_6": -0.008526229376205638,
    "coef_7": 6.625360718912175e-07,
    "coef_8": -0.0007289433976369689,
    "coef_9": 0.018860622142475348
}